Freq, Harmonic, V0, VAngle0, V1, VAngle1, V2, VAngle2, I0, IAngle0, I1, IAngle1, I2, IAngle2, 
60, 1.00000, 4.68338E-007, 59.9999, 7199.41, -0.00126275, 3.51821E-006, 173.379, 2.49464E-013, -136.876, 277.794, -28.6887, 1.3094E-007, 147.984
180, 3.00000, 8.30831E-019, 146.248, 5.27974E-012, -64.009, 5.27974E-012, 50.6023, 7.79376E-025, 52.75, 2.32514E-009, 30.7546, 2.32514E-009, 145.366
300, 5.00000, 1.3668E-016, -113.962, 2.33689E-010, 94.8871, 0.599374, -64.5783, 2.25405E-014, -71.0296, 6.18853E-008, -172.25, 158.726, 28.2841
420, 7.00000, 9.54098E-017, -90, 0.557313, -123.625, 3.38171E-010, 37.9818, 1.36557E-014, 0, 105.484, -31.5793, 6.40063E-008, 130.027
540, 9.00000, 1.92791E-018, 93.6588, 7.33642E-012, -60.3929, 7.33642E-012, 54.2182, 3.00556E-025, 43.4754, 1.08028E-009, 31.1983, 1.08028E-009, 145.809
660, 11.00000, 3.76978E-017, -156.975, 5.75579E-011, 68.0906, 0.144797, -62.7169, 3.77517E-015, -70.2328, 6.93525E-009, 159.393, 17.4468, 28.5851
780, 13.00000, 3.68629E-018, -90, 0.0743491, -122.405, 5.71267E-011, 30.0285, 9.19292E-016, -28.8866, 7.58078, -31.3029, 5.82475E-009, 121.13
900, 15.00000, 6.45619E-019, -73.9595, 6.3339E-012, -59.3998, 6.3339E-012, 55.2113, 1.70944E-025, 49.1197, 5.59734E-010, 31.555, 5.59734E-010, 146.166
