Freq, Harmonic, V0, VAngle0, V1, VAngle1, V2, VAngle2, I0, IAngle0, I1, IAngle1, I2, IAngle2, 
60, 1.00000, 4.68338E-007, 59.9999, 7199.41, -0.00126275, 3.51821E-006, 173.379, 2.49464E-013, -136.876, 277.794, -28.6887, 1.3094E-007, 147.984
180, 3.00000, 4.3693E-019, -172.624, 5.27974E-012, -139.009, 5.27974E-012, -24.3977, 6.02906E-025, -30.9638, 2.32514E-009, -44.2455, 2.32514E-009, 70.3658
300, 5.00000, 1.38778E-016, 36.8699, 2.33689E-010, -95.1129, 0.599374, 105.422, 2.24693E-014, 108.435, 6.18853E-008, -2.25045, 158.726, -161.716
420, 7.00000, 1.07721E-016, -104.931, 0.557313, -126.625, 3.38171E-010, 34.9818, 1.91319E-014, -21.8014, 105.484, -34.5793, 6.40063E-008, 127.027
540, 9.00000, 3.69615E-019, -18.3257, 7.33642E-012, 71.6071, 7.33643E-012, -173.782, 7.40149E-017, -90, 1.08028E-009, 163.198, 1.08028E-009, -82.1906
660, 11.00000, 2.77556E-017, 90, 5.75579E-011, -48.9094, 0.144797, -179.717, 3.55271E-015, 180, 6.93525E-009, 42.3926, 17.4468, -88.4149
780, 13.00000, 8.54252E-018, -156.038, 0.0743491, 156.595, 5.71267E-011, -50.9714, 1.66995E-015, -105.422, 7.58078, -112.303, 5.82475E-009, 40.1302
900, 15.00000, 1.83355E-019, -115.811, 6.3339E-012, 114.6, 6.3339E-012, -130.789, 1.78272E-025, -133.531, 5.59734E-010, -154.445, 5.59734E-010, -39.8339
