Freq, Harmonic, V0, VAngle0, V1, VAngle1, V2, VAngle2, I0, IAngle0, I1, IAngle1, I2, IAngle2, 
60, 1.00000, 0.000618927, -158.778, 20757.2, -0.0877178, 0.0257567, -92.5541, 0.0954884, -50.265, 6478.9, -26.7693, 3.97491, 11.5047
180, 3.00000, 10.2854, 105.003, 0.0126539, 144.999, 0.00608705, -112.651, 553.204, -158.657, 0.668637, -120.238, 0.321642, -17.8874
300, 5.00000, 0.20699, -24.4244, 0.147417, 81.2446, 116.636, -61.9657, 6.70606, 69.3896, 4.6841, 174.107, 3706.03, 30.8967
420, 7.00000, 0.190246, -149.132, 108.809, 70.4115, 0.268661, 109.682, 4.40734, -56.4061, 2471.04, 162.457, 6.10125, -158.273
540, 9.00000, 4.81521, 149.891, 0.0147825, -171.104, 0.0117154, -68.4486, 86.801, -117.988, 0.261172, -79.5131, 0.206984, 23.1425
660, 11.00000, 0.100707, -115.693, 0.0855145, -11.6192, 28.4881, -153.766, 1.48565, -23.9573, 1.2363, 79.6828, 411.859, -62.4639
780, 13.00000, 0.0516607, -32.2048, 14.7049, -173.012, 0.0621936, -133.879, 0.644948, 59.264, 179.899, -81.9105, 0.760872, -42.7775
900, 15.00000, 2.53339, 26.4095, 0.0124226, 65.1881, 0.0108233, 167.866, 27.4128, 117.682, 0.131719, 156.143, 0.114762, -101.179
