Freq, Harmonic, V1, VAngle1, V2, VAngle2, V3, VAngle3, V4, VAngle4, I1, IAngle1, I2, IAngle2, I3, IAngle3, I4, IAngle4
60, 1.00000, 7199.41, -0.00126274, 7199.41, -120.001, 7199.41, 119.999, 0, 0, 277.794, -28.6887, 277.794, -148.689, 277.794, 91.3113, 5.42126E-008, -148.688
180, 3.00000, 0.0531965, 96.7202, 0.0531965, 96.7202, 0.0531965, 96.7202, 0, 0, 23.8462, -166.94, 23.8462, -166.94, 23.8462, -166.94, 71.5387, 13.0604
300, 5.00000, 0.599374, -74.5783, 0.599374, 45.4217, 0.599374, 165.422, 0, 0, 158.726, 18.2841, 158.726, 138.284, 158.726, -101.716, 1.54736E-007, -41.8069
420, 7.00000, 0.557313, 53.3753, 0.557313, -66.6247, 0.557313, 173.375, 0, 0, 105.484, 145.421, 105.484, 25.4207, 105.484, -94.5793, 1.43966E-007, 25.5119
540, 9.00000, 0.0245812, 128.383, 0.0245812, 128.383, 0.0245812, 128.383, 0, 0, 3.69305, -139.496, 3.69305, -139.496, 3.69305, -139.496, 11.0791, 40.504
660, 11.00000, 0.144797, -179.717, 0.144797, -59.7169, 0.144797, 60.2831, 0, 0, 17.4468, -88.4149, 17.4468, 31.5851, 17.4468, 151.585, 3.74184E-008, -148.506
780, 13.00000, 0.0743491, 156.595, 0.0743491, 36.5954, 0.0743491, -83.4046, 0, 0, 7.58078, -112.303, 7.58078, 127.697, 7.58078, 7.69707, 1.92146E-008, 127.788
900, 15.00000, 0.0127308, -8.41226, 0.0127308, -8.41226, 0.0127308, -8.41226, 0, 0, 1.1481, 82.8608, 1.1481, 82.8608, 1.1481, 82.8608, 3.44431, -97.1392
