Freq, Harmonic, V1, VAngle1, V2, VAngle2, V3, VAngle3, V4, VAngle4, I1, IAngle1, I2, IAngle2, I3, IAngle3, I4, IAngle4
60, 1.00000, 7199.41, -0.00126274, 7199.41, -120.001, 7199.41, 119.999, 4.68338E-007, 59.9999, 277.794, -28.6887, 277.794, -148.689, 277.794, 91.3113, 7.69585E-013, -35.0503
180, 3.00000, 9.1959E-012, -96.7034, 2.20296E-013, -96.6999, 9.4162E-012, 83.2967, 1.00974E-028, 176.82, 4.04978E-009, -1.93976, 9.70162E-011, -1.93629, 4.1468E-009, 178.06, 1.08958E-029, -90
300, 5.00000, 0.599374, 115.422, 0.599374, -124.578, 0.599374, -4.5783, 3.98986E-017, -91.9091, 158.726, -151.716, 158.726, -31.7159, 158.726, 88.2841, 1.60347E-017, 59.9379
420, 7.00000, 0.557313, 56.3753, 0.557313, -63.6247, 0.557313, 176.375, 3.10317E-017, 25.2011, 105.484, 148.421, 105.484, 28.4207, 105.484, -91.5793, 3.88883E-018, -10.4983
540, 9.00000, 1.27781E-011, 86.9127, 3.06111E-013, 86.9138, 1.30842E-011, -93.0873, 1.61578E-027, -90.1657, 1.88156E-009, 178.504, 4.50744E-011, 178.505, 1.92663E-009, -1.49615, 1.44314E-028, 179.642
660, 11.00000, 0.144797, -62.7169, 0.144797, 57.2831, 0.144797, 177.283, 2.22322E-017, 158.576, 17.4469, 28.5851, 17.4469, 148.585, 17.4469, -91.4149, 2.01059E-018, 72.3381
780, 13.00000, 0.0743491, -122.405, 0.0743491, 117.595, 0.0743491, -2.40463, 4.6822E-018, -42.919, 7.58078, -31.3029, 7.58078, -151.303, 7.58078, 88.6971, 7.57516E-019, -6.15016
900, 15.00000, 1.1032E-011, -92.0943, 2.64264E-013, -92.094, 1.12962E-011, 87.9057, 2.52435E-029, -0.636593, 9.74907E-010, -1.13944, 2.33533E-011, -1.13914, 9.9826E-010, 178.861, 2.01954E-028, 179.578
